<?xml version="1.0" encoding="utf-8"?>

<!--
@name     Enhanced Options|Ultrastore
@author   Andrii Burkatskyi, ocmod.space@gmail.com
@version  1.5.2
@link     https://www.opencart.com/index.php?route=marketplace/extension/info&extension_id=40391
@link     https://github.com/ocmod-space/ocmod-enhanced-options
@licence  https://raw.githubusercontent.com/ocmod-space/ocmod-enhanced-options/main/EULA.txt
-->

<modification>
	<name>#ocmod.space: enhanced-options|ultrastore</name>
	<code>enhanced-options--ultrastore</code>
	<version>1.5.2</version>
	<author>Andrii Burkatskyi</author>
	<link>https://www.opencart.com/index.php?route=marketplace/extension&amp;filter_member=ocmod.space</link>

	<file path="catalog/controller/octemplates/module/oct_popup_cart.php" error="log">
		<operation error="log">
			<search>
				<![CDATA[$value = $option['value'];]]>
			</search>
			<add position="after">
				<![CDATA[						/// << Enhanced Options
						if (   $this->customer->isLogged() || !$this->config->get('config_customer_price')
							&& $this->config->get('module_enhanced_options_status')
							&& $this->config->get('module_enhanced_options')['labels']
						) {
							$value_description = '';

							if ($option['type'] == 'checkbox' || $option['type'] == 'radio' || $option['type'] == 'select') {
								$text = $this->config->get('module_enhanced_options')['text'][$this->config->get('config_language_id')];

								if ((float)$option['price']) {
									$value_description = $this->currency->format($this->tax->calculate($option['price'], $product['tax_class_id'], $this->config->get('config_tax')), $this->session->data['currency']);
									$value_description = $option['price_prefix'] == '=' ? $value_description : $option['price_prefix'] . $value_description;


									if ($option['quantity'] == 0 && !$option['subtract']) {
										$value_description .= $text['preorder_option'];
									}
								} else {
									if ($option['price_prefix'] == '=') {
										$value_description = $text['free_option'];
									}
								}
							}
						}

						$value = $option['value'] . (!empty($value_description) ?  ' (' . $value_description . ')' : '');
						/// >> Enhanced Options]]>
			</add>
		</operation>
		<operation error="log">
			<search>
				<![CDATA[(utf8_strlen($value) > 20 ? utf8_substr($value, 0, 20) . '..' : $value)]]>
			</search>
			<add position="replace">
				<![CDATA[(utf8_strlen($value) > 50 ? utf8_substr($value, 0, 50) . '..' : $value)]]>
			</add>
		</operation>

	</file>
</modification>
