<?xml version="1.0" encoding="utf-8"?>

<!--
@name     OpenCart
@package  Enhanced Options|Points
@author   Andrii Burkatskyi, ocmod.space@gmail.com
@version  2.0.7
@link     https://www.ocmod.space/enhanced-options
@link     https://www.opencart.com/index.php?route=marketplace/extension/info&extension_id=40391
@link     https://github.com/ocmod-space/ocmod-enhanced-options
@licence  https://raw.githubusercontent.com/ocmod-space/ocmod-enhanced-options/main/EULA.txt
-->

<modification>
	<name>/ocmod.space/enhanced_options/points</name>
	<code>enhanced-options--points</code>
	<version>2.0.7</version>
	<author>Andrii Burkatskyi</author>
	<link>https://www.opencart.com/index.php?route=marketplace/extension&amp;filter_member=ocmod.space</link>

	<file path="system/library/cart/cart.php" error="log">
		<operation error="log">
			<search>
				<![CDATA[$reward * $cart['quantity']]]>
			</search>
			<add position="replace"><![CDATA[$reward * $cart['quantity'] * $co]]></add>
		</operation>

		<operation error="log">
			<search>
				<![CDATA[($product_query->row['points'] + $option_points)]]>
			</search>
			<add position="replace"><![CDATA[($product_query->row['points'] + $option_points) * $co]]></add>
		</operation>
	</file>

	<file path="catalog/model/catalog/product.php" error="log">
		<operation error="log">
			<ignoreif regex="false" info=""><![CDATA[=> $product_option_value['points']]]></ignoreif>
			<search>
				<![CDATA[$product_option_value['price_prefix'],]]>
			</search>
			<add position="after">
				<![CDATA[
						'points'                   => $product_option_value['points'],  /// /ocmod.space/enhanced_options/points
						'points_prefix'            => $product_option_value['points_prefix'],  /// /ocmod.space/enhanced_options/points]]>
			</add>
		</operation>
	</file>

	<file path="catalog/controller/product/product.php" error="log">
		<operation error="log">
			<search>
				<![CDATA[=> $this->model_tool_image->resize($option_value['image'], 50, 50),]]>
			</search>
			<add position="after">
				<![CDATA[
							'points'                  => $option_value['points'],  /// /ocmod.space/enhanced_options/points
							'points_prefix'           => $option_value['points_prefix'],  /// /ocmod.space/enhanced_options/points]]>
			</add>
		</operation>
	</file>

	<file path="сatalog/model/extension/module/enhanced_options.php" error="log">
		<operation error="log">
			<search>
				<![CDATA[SELECT p.`price`,]]>
			</search>
			<add position="replace">
				<![CDATA[SELECT p.`price`, p.`points`,]]>
			</add>
		</operation>
		<operation error="log">
			<search>
				<![CDATA[AS discount,]]>
			</search>
			<add position="after">
				<![CDATA[
				(
					SELECT
						`points`
					FROM
						`" . DB_PREFIX . "product_reward` pr
					WHERE
						pr.`product_id` = p.`product_id`
						AND pr.customer_group_id = " . (int)$this->config->get('config_customer_group_id') . "
				) AS reward,]]>
			</add>
		</operation>
		<operation error="log">
			<search>
				<![CDATA['special'    =>]]>
			</search>
			<add position="after">
				<![CDATA[
					'reward'     => $query->row['reward'],
					'points'     => $query->row['points'],]]>
			</add>
		</operation>
	</file>

<!-- FIX -->
	<!-- <file path="admin/controller/extension/payment/free_checkout.php" error="log">
		<operation error="log">
			<ignoreif regex="false" info=""><![CDATA[payment_free_checkout_order_status_id]]></ignoreif>
			<search>
				<![CDATA[free_checkout_order_status_id]]>
			</search>
			<add position="replace">
				<![CDATA[payment_free_checkout_order_status_id]]>
			</add>
		</operation>
	</file>

	<file path="admin/view/template/extension/payment/free_checkout.twig" error="log">
		<operation error="log">
			<ignoreif regex="false" info=""><![CDATA[payment_free_checkout_order_status_id]]></ignoreif>
			<search>
				<![CDATA[free_checkout_order_status_id]]>
			</search>
			<add position="replace">
				<![CDATA[payment_free_checkout_order_status_id]]>
			</add>
		</operation>
	</file> -->
</modification>
