<?xml version="1.0" encoding="utf-8"?>

<!--
@name     Enhanced Options|Nice
@author   Andrii Burkatskyi, ocmod.space@gmail.com
@version  2.0.4
@link     https://www.ocmod.space/enhanced-options
@link     https://github.com/ocmod-space/ocmod-enhanced-options
@licence  https://raw.githubusercontent.com/ocmod-space/ocmod-enhanced-options/main/EULA.txt
-->

<modification>
	<name>!ocmod.space: enhanced-options|nice</name>
	<code>enhanced-options--nice</code>
	<version>2.0.4</version>
	<author>Andrii Burkatskyi</author>
	<link>https://www.opencart.com/index.php?route=marketplace/extension&amp;filter_member=ocmod.space</link>

	<file path="catalog/view/theme/nice/template/block/productpage_options.twig" error="log">
		<operation error="log">
			<ignoreif regex="false" info=""><![CDATA[<?php echo $header; ?>]]></ignoreif>
			<search>
				<![CDATA[option value="{{ option_value.product_option_value_id }}"]]>
			</search>
			<add position="replace">
				<![CDATA[option value="{{ option_value.product_option_value_id }}"{% if option_value.disabled %} disabled{% endif %}]]>
			</add>
		</operation>
	</file>
</modification>
