<?xml version="1.0" encoding="utf-8"?>

<!--
@name     Enhanced Options|Journal
@author   Andrii Burkatskyi, ocmod.space@gmail.com
@version  1.5.0
@link     https://www.opencart.com/index.php?route=marketplace/extension/info&extension_id=40391
@link     https://github.com/ocmod-space/ocmod-enhanced-options
@licence  https://raw.githubusercontent.com/ocmod-space/ocmod-enhanced-options/main/EULA.txt
-->

<modification>
	<name>#ocmod.space: enhanced-options|journal</name>
	<code>enhanced-options--journal</code>
	<version>1.5.0</version>
	<author>Andrii Burkatskyi</author>
	<link>https://www.opencart.com/index.php?route=marketplace/extension&amp;filter_member=ocmod.space</link>

	<file path="catalog/controller/extension/module/enhanced_options.php" error="log">
		<operation error="log">
			<search>
				<![CDATA[$option_value['price'] .= ' <span class="option-price-old" ';]]>
			</search>
			<add position="replace"><![CDATA[// $option_value['price'] .= ' <span class="option-price-old" ';]]></add>
		</operation>
		<operation error="log">
			<search>
				<![CDATA[$option_value['price'] .= 'style="text-decoration:line-through;">';]]>
			</search>
			<add position="replace"><![CDATA[// $option_value['price'] .= 'style="text-decoration:line-through;">';]]></add>
		</operation>
		<operation error="log">
			<search>
				<![CDATA[$option_value['price'] .= $option_value['original_price'] . '</span>';]]>
			</search>
			<add position="replace"><![CDATA[$option_value['price'] .= ', ' . $text['original_price'] . ': ' . $option_value['original_price'];]]></add>
		</operation>
	</file>


</modification>
