<?xml version="1.0" encoding="utf-8"?>

<!--
@name     Enhanced Options|Journal
@author   Andrii Burkatskyi, ocmod.space@gmail.com
@version  2.0.0
@link     https://www.ocmod.space/enhanced-options
@link     https://github.com/ocmod-space/ocmod-enhanced-options
@licence  https://raw.githubusercontent.com/ocmod-space/ocmod-enhanced-options/main/EULA.txt
-->

<modification>
	<name>#ocmod.space: enhanced-options|journal</name>
	<code>enhanced-options--journal</code>
	<version>2.0.0</version>
	<author>Andrii Burkatskyi</author>
	<link>https://www.opencart.com/index.php?route=marketplace/extension&amp;filter_member=ocmod.space</link>

	<file path="admin/controller/extension/module/enhanced_options.php" error="log">
		<operation error="log">
			<search>
				<![CDATA[$event = $this->mname . '_catalog';]]>
			</search>
			<add position="after"><![CDATA[
		/// << enhanced-options|journal
		$trigger = 'catalog/model/journal3/product/getProductOptionValues/after';
		$action = $this->mroute . '/afterModelJournal3GetProductOptionValues';
		$this->{$event_model}->addEvent($event, $trigger, $action);
		/// >> enhanced-options|journal]]></add>
		</operation>
	</file>

	<file path="catalog/controller/extension/module/enhanced_options.php" error="log">
		<operation error="log">
			<search>
				<![CDATA[public function beforeViewProduct]]>
			</search>
			<add position="before"><![CDATA[
	/// << enhanced-options|journal
	public function afterModelJournal3GetProductOptionValues(&$route, &$args, &$output) {
		if ($this->mstatus && isset($args[0]) && is_array($output)) {
			$product_info = $this->{$this->mmodel}->getProduct((int)$args[0]);

			$co = ($this->mconfig['flex'] && $product_info['special'] && $product_info['price'])
				? $product_info['special'] / $product_info['price']
				: 1;

			$words = $this->mconfig['words'][$this->config->get('config_language_id')];

			foreach ($output as &$option) {
				$sql =
					"SELECT `flat`, `flex` FROM `" . DB_PREFIX . "product_option` ".
					"WHERE " .
						"`product_option_id` = " . (int)$option['product_option_id'] . " " .
					"LIMIT 1";

				$query = $this->db->query($sql);

				$option['flat'] = $query->row['flat'];
				$option['flex'] = $query->row['flex'];

				$sql =
					"SELECT `type` FROM `" . DB_PREFIX . "option` ".
					"WHERE " .
						"`option_id` = " . (int)$option['option_id']. " " .
					"LIMIT 1";

				$query = $this->db->query($sql);
				$option['type'] = $query->row['type'];

				if (isset($option['price'])) {
					if ($co != 1 && $this->mconfig['flex'] && $option['flex'] && (float)$option['price']) {
						$option['price'] *= $co;
					}

					if ($this->mconfig['mark']) {
						if (!(float)$option['price'] && $option['price_prefix'] == '=' && !empty($words['free'])) {
							$option['mark'] = $words['free'];
						} elseif (!$option['subtract'] && !(int)$option['quantity'] && !empty($words['preorder'])) {
							$option['mark'] = $words['preorder'];
						}
					}

				}

				unset($option);
			}
		}
	}
	/// >> enhanced-options|journal]]></add>
		</operation>
	</file>

	<file path="catalog/controller/journal3/price.php" error="log">
		<operation error="log">
			<search>
				<![CDATA[$product_option_value['price']]]>
			</search>
			<add position="replace"><![CDATA[$product_option_value['flat'] ? $product_option_value['price'] / $quantity : $product_option_value['price'];]]></add>
		</operation>

		<operation error="log">
			<search>
				<![CDATA[$product_option_value['weight']]]>
			</search>
			<add position="replace"><![CDATA[$product_option_value['flat'] ? $product_option_value['weight'] / $quantity : $product_option_value['weight'];]]></add>
		</operation>
	</file>

</modification>
