<?xml version="1.0" encoding="utf-8"?>

<!--
@name     OpenCart
@package  Enhanced Options|Dependent Options
@author   Andrii Burkatskyi, ocmod.space@gmail.com
@version  2.0.8
@link     https://www.ocmod.space/enhanced-options
@link     https://www.opencart.com/index.php?route=marketplace/extension/info&extension_id=40391
@link     https://github.com/ocmod-space/ocmod-enhanced-options
@licence  https://raw.githubusercontent.com/ocmod-space/ocmod-enhanced-options/main/EULA.txt
-->

<modification>
	<name>/ocmod.space/enhanced_options/dependent_options</name>
	<code>enhanced-options--dependent-options</code>
	<version>2.0.8</version>
	<author>Andrii Burkatskyi</author>
	<link>https://www.opencart.com/index.php?route=marketplace/extension&amp;filter_member=ocmod.space</link>

	<file path="admin/controller/extension/module/enhanced_options.php" error="log">
		<operation error="log">
			<search>
				<![CDATA[catalog/model/catalog/product/getProductOptions]]>
			</search>
			<add position="before">
				<![CDATA[
		$trigger = 'catalog/model/catalog/product/getMpProductOptions/after';
		$action = $this->mroute . '/afterModelCatalogProductGetProductOptions';
		$this->{$event_model}->addEvent($event, $trigger, $action);
				]]>
			</add>
		</operation>

	</file>
</modification>
