<?xml version="1.0" encoding="utf-8"?>

<!--
@name     OpenCart
@package  Enhanced Options|Email
@author   Andrii Burkatskyi, ocmod.space@gmail.com
@version  2.0.7
@link     https://www.ocmod.space/enhanced-options
@link     https://www.opencart.com/index.php?route=marketplace/extension/info&extension_id=40391
@link     https://github.com/ocmod-space/ocmod-enhanced-options
@licence  https://raw.githubusercontent.com/ocmod-space/ocmod-enhanced-options/main/EULA.txt
-->

<modification>
	<name>/ocmod.space/enhanced_options/email</name>
	<code>enhanced-options--email</code>
	<version>2.0.7</version>
	<author>Andrii Burkatskyi</author>
	<link>https://www.opencart.com/index.php?route=marketplace/extension&amp;filter_member=ocmod.space</link>

	<file path="catalog/controller/mail/order.php" error="log">
		<operation error="log">
			<search>
				<![CDATA[(utf8_strlen($value) > 20 ? utf8_substr($value, 0, 20) . '..' : $value)]]>
			</search>
			<add position="replace">
				<![CDATA[(utf8_strlen($value) > 50 ? utf8_substr($value, 0, 50) . '..' : $value)]]>
			</add>
		</operation>

	</file>
</modification>
