<?xml version="1.0" encoding="utf-8"?>

<!--
@name     OpenCart
@package  Enhanced Options|Journal
@author   Andrii Burkatskyi, ocmod.space@gmail.com
@version  2.0.8
@link     https://www.ocmod.space/enhanced-options
@link     https://www.opencart.com/index.php?route=marketplace/extension/info&extension_id=40391
@link     https://github.com/ocmod-space/ocmod-enhanced-options
@licence  https://raw.githubusercontent.com/ocmod-space/ocmod-enhanced-options/main/EULA.txt
-->

<modification>
	<name>/ocmod.space/enhanced_options/journal</name>
	<code>enhanced-options--journal</code>
	<version>2.0.8</version>
	<author>Andrii Burkatskyi</author>
	<link>https://www.opencart.com/index.php?route=marketplace/extension&amp;filter_member=ocmod.space</link>

	<file path="admin/controller/extension/module/enhanced_options.php" error="log">
		<operation error="log">
			<search>
				<![CDATA[$event = $this->mname . '_catalog';]]>
			</search>
			<add position="after"><![CDATA[
		/// <<< /ocmod.space/enhanced_options/journal
		$trigger = 'catalog/model/journal3/product/getProductOptionValues/after';
		$action = $this->mroute . '/afterModelJournal3GetProductOptionValues';
		$this->{$event_model}->addEvent($event, $trigger, $action);
		/// >>> /ocmod.space/enhanced_options/journal]]></add>
		</operation>
	</file>

	<file path="catalog/controller/extension/module/enhanced_options.php" error="log">
		<operation error="log">
			<search>
				<![CDATA[public function beforeViewProduct]]>
			</search>
			<add position="before"><![CDATA[
	/// <<< /ocmod.space/enhanced_options/journal
	public function afterModelJournal3GetProductOptionValues(&$route, &$args, &$output) {
		if ($this->mstatus && isset($args[0]) && is_array($output)) {
			foreach ($output as &$option) {
				$option = $this->cart->getEnhancedOption($option);

				unset($option);
			}
		}
	}
	/// >>> /ocmod.space/enhanced_options/journal]]></add>
		</operation>
	</file>

	<file path="catalog/controller/journal3/price.php" error="log">
		<operation error="log">
			<search>
				<![CDATA[$options_price = 0;]]>
			</search>
			<add position="after"><![CDATA[			$original_price = 0;]]></add>
		</operation>

		<operation error="log">
			<search>
				<![CDATA[$product_option_value['price']]]>
			</search>
			<add position="replace"><![CDATA[!empty($product_option_value['flat']) ? $product_option_value['price'] / $quantity : $product_option_value['price']]]></add>
		</operation>

		<operation error="log">
			<search>
				<![CDATA[$options_price += !empty($product_option_value['flat'])]]>
			</search>
			<add position="after"><![CDATA[					$original_price += !empty($product_option_value['flex']) ? $product_option_value['original_price'] : 0;]]></add>
		</operation>

		<operation error="log">
			<search>
				<![CDATA[$options_price -= !empty($product_option_value['flat'])]]>
			</search>
			<add position="after"><![CDATA[					$original_price -= !empty($product_option_value['flex']) ? $product_option_value['original_price'] : 0;]]></add>
		</operation>

		<operation error="log">
			<search>
				<![CDATA[$product_option_value['weight']]]>
			</search>
			<add position="replace"><![CDATA[!empty($product_option_value['flat']) ? $product_option_value['weight'] / $quantity : $product_option_value['weight']]]></add>
		</operation>

		<operation error="log">
			<search>
				<![CDATA[$base_price + $options_price]]>
			</search>
			<add position="replace"><![CDATA[$base_price + ($original_price ?: $options_price)]]></add>
		</operation>
	</file>
</modification>
