<?xml version="1.0" encoding="utf-8"?>

<!--
@name     Enhanced Options|Poco
@author   Andrii Burkatskyi, ocmod.space@gmail.com
@version  1.5.3
@link     https://www.opencart.com/index.php?route=marketplace/extension/info&extension_id=40391
@link     https://github.com/ocmod-space/ocmod-enhanced-options
@licence  https://raw.githubusercontent.com/ocmod-space/ocmod-enhanced-options/main/EULA.txt
-->

<modification>
	<name>#ocmod.space: enhanced-options|poco</name>
	<code>enhanced-options--poco</code>
	<version>1.5.3</version>
	<author>Andrii Burkatskyi</author>
	<link>https://www.opencart.com/index.php?route=marketplace/extension&amp;filter_member=ocmod.space</link>

	<file path="catalog/controller/extension/maza/product/product.php" error="log">
		<operation error="log">
			<search>
				<![CDATA[$price = (float)$product_info['price'];]]>
			</search>
			<add position="after"><![CDATA[
			$co = 1;

			if ($this->config->get('module_enhanced_options_status') && $this->config->get('module_enhanced_options')['flexible_options']) {
				if (!is_null($product_info['special']) && (float)$product_info['special'] >= 0) {
					$co = (float)$product_info['special'] / $product_info['price'];
				}
			}

			$option_price *= $co;]]></add>
		</operation>
	</file>


</modification>
