<?xml version="1.0" encoding="utf-8"?>

<!--
@name     Enhanced Options|Poco
@author   Andrii Burkatskyi, ocmod.space@gmail.com
@version  2.0.4
@link     https://www.ocmod.space/enhanced-options
@link     https://github.com/ocmod-space/ocmod-enhanced-options
@licence  https://raw.githubusercontent.com/ocmod-space/ocmod-enhanced-options/main/EULA.txt
-->

<modification>
	<name>#ocmod.space: enhanced-options|poco</name>
	<code>enhanced-options--poco</code>
	<version>2.0.4</version>
	<author>Andrii Burkatskyi</author>
	<link>https://www.opencart.com/index.php?route=marketplace/extension&amp;filter_member=ocmod.space</link>

	<file path="catalog/controller/extension/maza/product/product.php" error="log">
		<operation error="log">
			<search>
				<![CDATA[if(!is_null($product_info['special']) && (float)$product_info['special'] >= 0){]]>
			</search>
			<add position="before"><![CDATA[
			$co = 1;

			if ($this->config->get('module_enhanced_options_status') && $this->config->get('module_enhanced_options')['flex']) {
				if (!is_null($product_info['special']) && (float)$product_info['special'] >= 0) {
					$co = (float)$product_info['special'] / $product_info['price'];
				}
			}
			]]></add>
		</operation>
		<operation error="log">
			<search>
				<![CDATA[(float)$option_price : (float)$product_info['special'] + $option_price]]>
			</search>
			<add position="replace"><![CDATA[(float)$option_price * $co : (float)$product_info['special'] + $option_price * $co]]></add>
		</operation>
	</file>


</modification>
